{
  "weight": 0.15,
  "ads_addend": 0.02,
  "recoil_modifier": {
    "pitch": -0.05,
    "yaw": -0.07
  },
  // 近战伤害，用于刺刀
  "melee": {
    // 刺刀距离参数，枪械里还有个刺刀攻击距离参数，两者做加和
    "distance": 2,
    // 刺刀范围角度
    "range_angle": 40,
    // 刺刀冷却时间，枪械里还有个刺刀冷却时间参数，两者做加和
    "cooldown": 0.1,
    // 伤害值
    "damage": 3,
    // 击退效果
    "knockback": 0.4,
    // 前摇时长，单位：秒
    "prep": 0.1
  }
}