{
	"format_version": "1.12.0",
	"minecraft:geometry": [
		{
			"description": {
				"identifier": "geometry.unknown",
				"texture_width": 128,
				"texture_height": 128,
				"visible_bounds_width": 4,
				"visible_bounds_height": 2.5,
				"visible_bounds_offset": [0, 0.75, 0]
			},
			"bones": [
				{
					"name": "positioning",
					"pivot": [0, 0, 0]
				},
				{
					"name": "thirdperson_hand",
					"parent": "positioning",
					"pivot": [0, 7.0125, 7.5]
				},
				{
					"name": "ground",
					"parent": "positioning",
					"pivot": [0, -0.9, 3.025]
				},
				{
					"name": "fixed",
					"parent": "positioning",
					"pivot": [1.05, 9.6, 5.15],
					"rotation": [0, 90, 0]
				},
				{
					"name": "muzzle_flash",
					"parent": "positioning",
					"pivot": [0, 9.73125, -23.625]
				},
				{
					"name": "lod",
					"pivot": [0, 11, 0],
					"cubes": [
						{
							"origin": [-0.625, 2.53997, 8.125],
							"size": [1.25, 3.64753, 1.92235],
							"inflate": 0.001,
							"pivot": [0, 6.28125, 9.09375],
							"rotation": [35, 0, 0],
							"uv": {
								"north": {"uv": [2, 49], "uv_size": [1.5, 3.5]},
								"east": {"uv": [23, 46], "uv_size": [2, 3.5]},
								"south": {"uv": [48, 50], "uv_size": [1.5, 3.5]},
								"west": {"uv": [36, 46], "uv_size": [2, 3.5]},
								"up": {"uv": [26, 53], "uv_size": [1.5, 2]},
								"down": {"uv": [2, 56], "uv_size": [1.5, -2]}
							}
						},
						{
							"origin": [-1, 7.41497, 10.0625],
							"size": [2.0625, 2.58503, 13.48485],
							"inflate": 0.001,
							"uv": {
								"north": {"uv": [5, 51], "uv_size": [2, 2.5]},
								"east": {"uv": [0, 0], "uv_size": [13.5, 2.5]},
								"south": {"uv": [23, 51], "uv_size": [2, 2.5]},
								"west": {"uv": [0, 4], "uv_size": [13.5, 2.5]},
								"up": {"uv": [0, 17], "uv_size": [2, 13.5]},
								"down": {"uv": [3, 30.5], "uv_size": [2, -13.5]}
							}
						},
						{
							"origin": [0.11417, 8.25048, 11.25],
							"size": [1.45841, 1.45841, 5.79735],
							"pivot": [0.51007, 9.99014, 15.09375],
							"rotation": [0, 0, 45],
							"uv": {
								"west": {"uv": [43, 9], "uv_size": [6, 1.5]},
								"down": {"uv": [43, 26], "uv_size": [1.5, -6]}
							}
						},
						{
							"origin": [-1, 7.18517, 17.0222],
							"size": [2.0625, 2.83503, 6.67235],
							"pivot": [0.03125, 9.07143, 17.35838],
							"rotation": [-23.5, 0, 0],
							"uv": {
								"north": {"uv": [48, 31], "uv_size": [2, 3]},
								"east": {"uv": [31, 13], "uv_size": [6.5, 3]},
								"south": {"uv": [48, 46], "uv_size": [2, 3]},
								"west": {"uv": [31, 17], "uv_size": [6.5, 3]},
								"up": {"uv": [21, 37], "uv_size": [2, 6.5]},
								"down": {"uv": [37, 44.5], "uv_size": [2, -6.5]}
							}
						},
						{
							"origin": [-0.75, 4.56017, 18.8347],
							"size": [1.5, 0.89753, 0.17235],
							"pivot": [0.03125, 3.88393, 19.17088],
							"rotation": [-47.5, 0, 0],
							"uv": {
								"north": {"uv": [45, 60], "uv_size": [1.5, 1]},
								"east": {"uv": [63, 35], "uv_size": [0.5, 1]},
								"south": {"uv": [60, 46], "uv_size": [1.5, 1]},
								"west": {"uv": [63, 37], "uv_size": [0.5, 1]},
								"up": {"uv": [2, 63], "uv_size": [1.5, 0.5]},
								"down": {"uv": [63, 3.5], "uv_size": [1.5, -0.5]}
							}
						},
						{
							"origin": [-0.76474, 6.81069, 12.21526],
							"size": [1.45841, 1.45841, 10.73485],
							"pivot": [-0.33758, 7.32033, 16.80144],
							"rotation": [-17.09051, 16.37711, 42.52269],
							"uv": {
								"north": {"uv": [57, 12], "uv_size": [1.5, 1.5]},
								"east": {"uv": [31, 21], "uv_size": [10.5, 1.5]},
								"south": {"uv": [57, 31], "uv_size": [1.5, 1.5]},
								"west": {"uv": [31, 24], "uv_size": [10.5, 1.5]},
								"up": {"uv": [31, 27], "uv_size": [1.5, 10.5]},
								"down": {"uv": [0, 42.5], "uv_size": [1.5, -10.5]}
							}
						},
						{
							"origin": [-0.76474, 8.99291, 10.0625],
							"size": [1.45841, 1.45841, 13.48485],
							"pivot": [-0.33758, 9.94168, 17.39868],
							"rotation": [0, 0, -45],
							"uv": {
								"north": {"uv": [56, 54], "uv_size": [1.5, 1.5]},
								"east": {"uv": [28, 7], "uv_size": [13.5, 1.5]},
								"south": {"uv": [2, 57], "uv_size": [1.5, 1.5]},
								"west": {"uv": [28, 10], "uv_size": [13.5, 1.5]},
								"up": {"uv": [28, 13], "uv_size": [1.5, 13.5]},
								"down": {"uv": [28, 41.5], "uv_size": [1.5, -13.5]}
							}
						},
						{
							"origin": [-0.72055, 8.9563, 1.75],
							"size": [1.41421, 1.41421, 9.42235],
							"pivot": [-0.33758, 9.81668, 5.02368],
							"rotation": [0, 0, -45],
							"uv": {
								"north": {"uv": [33, 57], "uv_size": [1.5, 1.5]},
								"west": {"uv": [34, 29], "uv_size": [9.5, 1.5]},
								"up": {"uv": [9, 34], "uv_size": [1.5, 9.5]}
							}
						},
						{
							"origin": [-0.72055, 8.3938, 1.3125],
							"size": [1.72671, 1.72671, 0.48485],
							"pivot": [-0.33758, 9.25418, 4.64868],
							"rotation": [0, 0, -45],
							"uv": {
								"north": {"uv": [57, 48], "uv_size": [1.5, 1.5]},
								"east": {"uv": [58, 62], "uv_size": [0.5, 1.5]},
								"south": {"uv": [56, 57], "uv_size": [1.5, 1.5]},
								"west": {"uv": [60, 62], "uv_size": [0.5, 1.5]},
								"up": {"uv": [62, 44], "uv_size": [1.5, 0.5]},
								"down": {"uv": [62, 62.5], "uv_size": [1.5, -0.5]}
							}
						},
						{
							"origin": [-1.03305, 8.0813, 0],
							"size": [2.35171, 2.35171, 1.35985],
							"pivot": [-0.33758, 9.25418, 4.21118],
							"rotation": [0, 0, -45],
							"uv": {
								"north": {"uv": [15, 48], "uv_size": [2.5, 2.5]},
								"east": {"uv": [15, 52], "uv_size": [1.5, 2.5]},
								"south": {"uv": [30, 48], "uv_size": [2.5, 2.5]},
								"west": {"uv": [18, 52], "uv_size": [1.5, 2.5]},
								"up": {"uv": [30, 52], "uv_size": [2.5, 1.5]},
								"down": {"uv": [39, 53.5], "uv_size": [2.5, -1.5]}
							}
						},
						{
							"origin": [-1.11336, 8.17011, -14.9375],
							"size": [0.78921, 0.60171, 14.98485],
							"pivot": [0, 9.40847, -2.32007],
							"rotation": [-3.29222, -2.5353, -45.00949],
							"uv": {
								"east": {"uv": [46, 24], "uv_size": [15, 0.5]},
								"down": {"uv": [7, 49], "uv_size": [1, -15]}
							}
						},
						{
							"origin": [-0.32648, 8.99291, -21.375],
							"size": [0.75, 0.75, 22.04735],
							"pivot": [-0.29523, 9.44168, -19.97632],
							"rotation": [0, 0, -45],
							"uv": {
								"north": {"uv": [26, 51], "uv_size": [1, 1]},
								"east": {"uv": [23, 3], "uv_size": [22, 1]},
								"south": {"uv": [0, 61], "uv_size": [1, 1]},
								"west": {"uv": [23, 5], "uv_size": [22, 1]},
								"up": {"uv": [24, 7], "uv_size": [1, 22]},
								"down": {"uv": [26, 29], "uv_size": [1, -22]}
							}
						},
						{
							"origin": [-0.51398, 8.80541, -24],
							"size": [1.125, 1.125, 2.60985],
							"pivot": [-0.29523, 9.44168, -42.03882],
							"rotation": [0, 0, -45],
							"uv": {
								"north": {"uv": [61, 54], "uv_size": [1, 1]},
								"east": {"uv": [54, 10], "uv_size": [2.5, 1]},
								"south": {"uv": [61, 56], "uv_size": [1, 1]},
								"west": {"uv": [55, 26], "uv_size": [2.5, 1]},
								"up": {"uv": [31, 55], "uv_size": [1, 2.5]},
								"down": {"uv": [36, 57.5], "uv_size": [1, -2.5]}
							}
						},
						{
							"origin": [-0.51398, 9.61791, -16.125],
							"size": [1.125, 1.3125, 2.17235],
							"uv": {
								"north": {"uv": [34, 60], "uv_size": [1, 1.5]},
								"east": {"uv": [5, 55], "uv_size": [2, 1.5]},
								"south": {"uv": [60, 40], "uv_size": [1, 1.5]},
								"west": {"uv": [55, 20], "uv_size": [2, 1.5]},
								"up": {"uv": [15, 17], "uv_size": [1, 2]},
								"down": {"uv": [41, 59], "uv_size": [1, -2]}
							}
						},
						{
							"origin": [-0.51398, 10.93041, -16.125],
							"size": [1.125, 1.82523, 0.94122],
							"inflate": 0.001,
							"uv": {
								"north": {"uv": [13, 58], "uv_size": [1, 2]},
								"east": {"uv": [21, 58], "uv_size": [1, 2]},
								"south": {"uv": [59, 6], "uv_size": [1, 2]},
								"west": {"uv": [59, 9], "uv_size": [1, 2]},
								"up": {"uv": [61, 58], "uv_size": [1, 1]},
								"down": {"uv": [61, 61], "uv_size": [1, -1]}
							}
						},
						{
							"origin": [-0.51398, 10.43833, -15.60189],
							"size": [1.125, 2.20162, 1.00761],
							"pivot": [0.04852, 11.73371, -15.07821],
							"rotation": [34, 0, 0],
							"uv": {
								"north": {"uv": [15, 59], "uv_size": [1, 2]},
								"east": {"uv": [17, 59], "uv_size": [1, 2]},
								"south": {"uv": [19, 59], "uv_size": [1, 2]},
								"west": {"uv": [23, 59], "uv_size": [1, 2]},
								"up": {"uv": [9, 62], "uv_size": [1, 1]},
								"down": {"uv": [11, 63], "uv_size": [1, -1]}
							}
						},
						{
							"origin": [-1, 9.22909, 1.75],
							"size": [2, 0.70841, 9.42235],
							"uv": {
								"north": {"uv": [4, 61], "uv_size": [2, 0.5]},
								"east": {"uv": [48, 35], "uv_size": [9.5, 0.5]},
								"south": {"uv": [61, 6], "uv_size": [2, 0.5]},
								"west": {"uv": [49, 0], "uv_size": [9.5, 0.5]},
								"down": {"uv": [24, 39.5], "uv_size": [2, -9.5]}
							}
						},
						{
							"origin": [-1.3125, 7.91659, 2.3125],
							"size": [0.25, 0.95841, 3.73485],
							"pivot": [-0.3125, 8.3958, 6.46118],
							"rotation": [0, 0, 22.5],
							"uv": {
								"north": {"uv": [32, 63], "uv_size": [0.5, 1]},
								"east": {"uv": [54, 6], "uv_size": [3.5, 1]},
								"south": {"uv": [34, 63], "uv_size": [0.5, 1]},
								"west": {"uv": [54, 8], "uv_size": [3.5, 1]},
								"up": {"uv": [30, 59], "uv_size": [0.5, 3.5]},
								"down": {"uv": [36, 62.5], "uv_size": [0.5, -3.5]}
							}
						},
						{
							"origin": [-0.17058, 9.22909, 8.32389],
							"size": [0.75, 0.75, 2.67235],
							"pivot": [0.20442, 9.60409, 6.28506],
							"rotation": [-14.05779, -13.65276, 46.69123],
							"uv": {
								"north": {"uv": [62, 12], "uv_size": [1, 1]},
								"east": {"uv": [38, 55], "uv_size": [2.5, 1]},
								"south": {"uv": [15, 62], "uv_size": [1, 1]},
								"west": {"uv": [45, 55], "uv_size": [2.5, 1]},
								"up": {"uv": [49, 55], "uv_size": [1, 2.5]},
								"down": {"uv": [51, 57.5], "uv_size": [1, -2.5]}
							}
						},
						{
							"origin": [-0.53504, 8.66746, 1.8125],
							"size": [1.41421, 1.41421, 9.35985],
							"pivot": [-0.08957, 9.50954, 5.02368],
							"rotation": [0, 0, 45],
							"uv": {
								"north": {"uv": [58, 51], "uv_size": [1.5, 1.5]},
								"east": {"uv": [37, 32], "uv_size": [9.5, 1.5]},
								"south": {"uv": [53, 58], "uv_size": [1.5, 1.5]},
								"west": {"uv": [37, 35], "uv_size": [9.5, 1.5]},
								"up": {"uv": [15, 37], "uv_size": [1.5, 9.5]},
								"down": {"uv": [18, 46.5], "uv_size": [1.5, -9.5]}
							}
						},
						{
							"origin": [0.06218, 10.9144, -15.33473],
							"size": [1.44375, 0.4125, 15.38334],
							"pivot": [0.23405, 11.13215, -7.36806],
							"rotation": [1, -2, 65],
							"uv": {
								"north": {"uv": [62, 25], "uv_size": [1.5, 0.5]},
								"east": {"uv": [43, 16], "uv_size": [15.5, 0.5]},
								"south": {"uv": [62, 27], "uv_size": [1.5, 0.5]},
								"west": {"uv": [43, 38], "uv_size": [15.5, 0.5]},
								"up": {"uv": [17, 3], "uv_size": [1.5, 15.5]},
								"down": {"uv": [6, 32.5], "uv_size": [1.5, -15.5]}
							}
						},
						{
							"origin": [0.04504, 9.96294, -15.25104],
							"size": [1.34075, 0.4125, 15.3248],
							"inflate": 0.001,
							"pivot": [0.66391, 10.37544, -14.50313],
							"rotation": [1.00076, 2.99924, 65.08727],
							"uv": {
								"north": {"uv": [62, 29], "uv_size": [1.5, 0.5]},
								"east": {"uv": [43, 40], "uv_size": [15.5, 0.5]},
								"south": {"uv": [62, 31], "uv_size": [1.5, 0.5]},
								"west": {"uv": [43, 42], "uv_size": [15.5, 0.5]},
								"up": {"uv": [9, 17], "uv_size": [1.5, 15.5]},
								"down": {"uv": [12, 32.5], "uv_size": [1.5, -15.5]}
							}
						},
						{
							"origin": [0.8498, 8.13591, -15.26542],
							"size": [0.4375, 1.81869, 15.3248],
							"pivot": [0.61693, 9.74835, -7.60302],
							"rotation": [0, 3.5, 45],
							"uv": {
								"north": {"uv": [61, 20], "uv_size": [0.5, 2]},
								"east": {"uv": [0, 8], "uv_size": [15.5, 2]},
								"south": {"uv": [21, 61], "uv_size": [0.5, 2]},
								"west": {"uv": [0, 11], "uv_size": [15.5, 2]},
								"up": {"uv": [0, 44], "uv_size": [0.5, 15.5]},
								"down": {"uv": [43, 59.5], "uv_size": [0.5, -15.5]}
							}
						},
						{
							"origin": [-1.35071, 7.76137, -15.26544],
							"size": [0.375, 2.19369, 15.3248],
							"pivot": [-0.68033, 9.74882, -7.60304],
							"rotation": [0, -3, -45],
							"uv": {
								"north": {"uv": [25, 61], "uv_size": [0.5, 2]},
								"east": {"uv": [0, 14], "uv_size": [15.5, 2]},
								"south": {"uv": [27, 61], "uv_size": [0.5, 2]},
								"west": {"uv": [15, 0], "uv_size": [15.5, 2]},
								"up": {"uv": [9, 45], "uv_size": [0.5, 15.5]},
								"down": {"uv": [11, 60.5], "uv_size": [0.5, -15.5]}
							}
						},
						{
							"origin": [-1.44919, 9.96341, -15.25106],
							"size": [1.34075, 0.4125, 15.3248],
							"inflate": 0.001,
							"pivot": [-0.72731, 10.37591, -14.50314],
							"rotation": [1.00076, -2.99924, -65.08727],
							"uv": {
								"north": {"uv": [62, 40], "uv_size": [1.5, 0.5]},
								"east": {"uv": [46, 2], "uv_size": [15.5, 0.5]},
								"south": {"uv": [62, 42], "uv_size": [1.5, 0.5]},
								"west": {"uv": [46, 4], "uv_size": [15.5, 0.5]},
								"up": {"uv": [18, 20], "uv_size": [1.5, 15.5]},
								"down": {"uv": [21, 35.5], "uv_size": [1.5, -15.5]}
							}
						},
						{
							"origin": [-1.56933, 10.91486, -15.33475],
							"size": [1.44375, 0.4125, 15.38334],
							"pivot": [-0.29746, 11.13261, -7.36808],
							"rotation": [1, 2, -65],
							"uv": {
								"north": {"uv": [62, 33], "uv_size": [1.5, 0.5]},
								"east": {"uv": [45, 29], "uv_size": [15.5, 0.5]},
								"south": {"uv": [38, 62], "uv_size": [1.5, 0.5]},
								"west": {"uv": [45, 44], "uv_size": [15.5, 0.5]},
								"up": {"uv": [20, 3], "uv_size": [1.5, 15.5]},
								"down": {"uv": [15, 35.5], "uv_size": [1.5, -15.5]}
							}
						},
						{
							"origin": [-0.40933, 10.27823, -15.32568],
							"size": [0.75625, 1.123, 15.38334],
							"pivot": [-0.0312, 10.83973, -7.35901],
							"rotation": [2, 0, 0],
							"uv": {
								"north": {"uv": [7, 61], "uv_size": [1, 1]},
								"east": {"uv": [32, 0], "uv_size": [15.5, 1]},
								"south": {"uv": [13, 61], "uv_size": [1, 1]},
								"west": {"uv": [34, 27], "uv_size": [15.5, 1]},
								"up": {"uv": [3, 32], "uv_size": [1, 15.5]},
								"down": {"uv": [5, 49.5], "uv_size": [1, -15.5]}
							}
						},
						{
							"origin": [-0.6875, 7.04159, 2.3125],
							"size": [1.375, 1.02091, 7.48485],
							"uv": {
								"north": {"uv": [59, 26], "uv_size": [1.5, 1]},
								"east": {"uv": [46, 20], "uv_size": [7.5, 1]},
								"south": {"uv": [59, 34], "uv_size": [1.5, 1]},
								"west": {"uv": [46, 22], "uv_size": [7.5, 1]},
								"up": {"uv": [31, 39], "uv_size": [1.5, 7.5]},
								"down": {"uv": [40, 45.5], "uv_size": [1.5, -7.5]}
							}
						},
						{
							"origin": [-0.1875, 5.47909, 5.5],
							"size": [0.375, 1.58341, 2.60985],
							"uv": {
								"north": {"uv": [0, 63], "uv_size": [0.5, 1.5]},
								"east": {"uv": [51, 52], "uv_size": [2.5, 1.5]},
								"south": {"uv": [63, 0], "uv_size": [0.5, 1.5]},
								"west": {"uv": [53, 12], "uv_size": [2.5, 1.5]},
								"up": {"uv": [41, 60], "uv_size": [0.5, 2.5]},
								"down": {"uv": [56, 62.5], "uv_size": [0.5, -2.5]}
							}
						},
						{
							"origin": [-0.6875, 9.82426, 10.96186],
							"size": [1.375, 1.70018, 0.86067],
							"inflate": -0.001,
							"pivot": [0, 10.42024, 8.07929],
							"rotation": [-54, 0, 0],
							"uv": {
								"north": {"uv": [5, 58], "uv_size": [1.5, 1.5]},
								"east": {"uv": [60, 31], "uv_size": [1, 1.5]},
								"south": {"uv": [58, 20], "uv_size": [1.5, 1.5]},
								"west": {"uv": [32, 60], "uv_size": [1, 1.5]},
								"up": {"uv": [38, 60], "uv_size": [1.5, 1]},
								"down": {"uv": [60, 39], "uv_size": [1.5, -1]}
							}
						},
						{
							"origin": [-0.6875, 8.04159, 1.79735],
							"size": [1.375, 1.20841, 9.375],
							"uv": {
								"north": {"uv": [60, 0], "uv_size": [1.5, 1]},
								"east": {"uv": [39, 18], "uv_size": [9.5, 1]},
								"south": {"uv": [60, 15], "uv_size": [1.5, 1]},
								"west": {"uv": [43, 7], "uv_size": [9.5, 1]},
								"up": {"uv": [12, 34], "uv_size": [1.5, 9.5]},
								"down": {"uv": [34, 41.5], "uv_size": [1.5, -9.5]}
							}
						},
						{
							"origin": [-0.4375, 10.22909, 1.75],
							"size": [0.875, 0.77091, 8.48485],
							"inflate": 0.001,
							"uv": {
								"north": {"uv": [43, 61], "uv_size": [1, 1]},
								"east": {"uv": [43, 12], "uv_size": [8.5, 1]},
								"south": {"uv": [48, 61], "uv_size": [1, 1]},
								"west": {"uv": [43, 14], "uv_size": [8.5, 1]},
								"up": {"uv": [28, 43], "uv_size": [1, 8.5]},
								"down": {"uv": [34, 51.5], "uv_size": [1, -8.5]}
							}
						},
						{
							"origin": [-0.9375, 10.47909, 10.17235],
							"size": [1.875, 0.58341, 0.5625],
							"uv": {
								"north": {"uv": [50, 61], "uv_size": [2, 0.5]},
								"east": {"uv": [43, 63], "uv_size": [0.5, 0.5]},
								"south": {"uv": [61, 50], "uv_size": [2, 0.5]},
								"west": {"uv": [63, 46], "uv_size": [0.5, 0.5]},
								"up": {"uv": [61, 52], "uv_size": [2, 0.5]},
								"down": {"uv": [53, 61.5], "uv_size": [2, -0.5]}
							}
						},
						{
							"origin": [-0.4375, 12.16659, 1.8125],
							"size": [0.875, 0.57377, 7.5261],
							"pivot": [0, 12.3333, 5.92993],
							"rotation": [4, 0, 0],
							"uv": {
								"north": {"uv": [13, 63], "uv_size": [1, 0.5]},
								"east": {"uv": [50, 18], "uv_size": [7.5, 0.5]},
								"south": {"uv": [63, 14], "uv_size": [1, 0.5]},
								"west": {"uv": [51, 46], "uv_size": [7.5, 0.5]},
								"up": {"uv": [13, 45], "uv_size": [1, 7.5]},
								"down": {"uv": [21, 52.5], "uv_size": [1, -7.5]}
							}
						},
						{
							"origin": [-0.4375, 11.00338, 1.79413],
							"size": [0.875, 1.44877, 0.5886],
							"uv": {
								"north": {"uv": [2, 60], "uv_size": [1, 1.5]},
								"east": {"uv": [23, 62], "uv_size": [0.5, 1.5]},
								"south": {"uv": [60, 12], "uv_size": [1, 1.5]},
								"west": {"uv": [45, 62], "uv_size": [0.5, 1.5]},
								"up": {"uv": [63, 16], "uv_size": [1, 0.5]},
								"down": {"uv": [63, 20.5], "uv_size": [1, -0.5]}
							}
						},
						{
							"origin": [-0.4375, 10.3752, 8.22387],
							"size": [0.875, 2.27091, 1.54735],
							"pivot": [0, 11.60441, 8.68504],
							"rotation": [22, 0, 0],
							"uv": {
								"north": {"uv": [23, 55], "uv_size": [1, 2.5]},
								"east": {"uv": [45, 51], "uv_size": [1.5, 2.5]},
								"south": {"uv": [29, 55], "uv_size": [1, 2.5]},
								"west": {"uv": [51, 48], "uv_size": [1.5, 2.5]},
								"up": {"uv": [59, 54], "uv_size": [1, 1.5]},
								"down": {"uv": [59, 58.5], "uv_size": [1, -1.5]}
							}
						},
						{
							"origin": [-0.95841, 5.66659, 2.6875],
							"size": [1.89591, 0.33341, 3.48485],
							"pivot": [0.03125, 8.74036, 5.02368],
							"rotation": [-10, 0, 0],
							"uv": {
								"north": {"uv": [61, 8], "uv_size": [2, 0.5]},
								"east": {"uv": [59, 18], "uv_size": [3.5, 0.5]},
								"south": {"uv": [61, 10], "uv_size": [2, 0.5]},
								"west": {"uv": [25, 59], "uv_size": [3.5, 0.5]},
								"up": {"uv": [45, 46], "uv_size": [2, 3.5]},
								"down": {"uv": [39, 50.5], "uv_size": [2, -3.5]}
							}
						},
						{
							"origin": [-0.70841, 5.47909, 2.3125],
							"size": [1.375, 1.58341, 3.17235],
							"uv": {
								"north": {"uv": [38, 57], "uv_size": [1.5, 1.5]},
								"east": {"uv": [50, 9], "uv_size": [3, 1.5]},
								"south": {"uv": [45, 57], "uv_size": [1.5, 1.5]},
								"west": {"uv": [51, 26], "uv_size": [3, 1.5]},
								"up": {"uv": [51, 31], "uv_size": [1.5, 3]},
								"down": {"uv": [36, 54], "uv_size": [1.5, -3]}
							}
						},
						{
							"origin": [-0.5, 3.72909, 2.4375],
							"size": [1, 3.33341, 2.98485],
							"inflate": 0.001,
							"uv": {
								"north": {"uv": [15, 3], "uv_size": [1, 3.5]},
								"east": {"uv": [39, 13], "uv_size": [3, 3.5]},
								"south": {"uv": [26, 46], "uv_size": [1, 3.5]},
								"west": {"uv": [24, 41], "uv_size": [3, 3.5]},
								"up": {"uv": [19, 48], "uv_size": [1, 3]},
								"down": {"uv": [34, 56], "uv_size": [1, -3]}
							}
						},
						{
							"origin": [-0.5, 3.44509, 2.69882],
							"size": [1, 0.51831, 2.93951],
							"pivot": [0, 5.08054, 4.19125],
							"rotation": [-10, 0, 0],
							"uv": {
								"north": {"uv": [5, 63], "uv_size": [1, 0.5]},
								"east": {"uv": [59, 36], "uv_size": [3, 0.5]},
								"south": {"uv": [7, 63], "uv_size": [1, 0.5]},
								"west": {"uv": [48, 59], "uv_size": [3, 0.5]},
								"up": {"uv": [13, 54], "uv_size": [1, 3]},
								"down": {"uv": [21, 57], "uv_size": [1, -3]}
							}
						},
						{
							"origin": [-0.625, 2.79843, 9.44029],
							"size": [1.25, 0.65748, 1.80642],
							"pivot": [0, 6.54966, 10.46546],
							"rotation": [15, 0, 0],
							"uv": {
								"north": {"uv": [17, 62], "uv_size": [1.5, 0.5]},
								"east": {"uv": [60, 48], "uv_size": [2, 0.5]},
								"south": {"uv": [62, 23], "uv_size": [1.5, 0.5]},
								"west": {"uv": [58, 60], "uv_size": [2, 0.5]},
								"up": {"uv": [54, 31], "uv_size": [1.5, 2]},
								"down": {"uv": [54, 50], "uv_size": [1.5, -2]}
							}
						},
						{
							"origin": [-0.625, 5.5, 8.125],
							"size": [1.25, 1.5625, 1.6875],
							"uv": {
								"north": {"uv": [55, 51], "uv_size": [1.5, 1.5]},
								"east": {"uv": [53, 55], "uv_size": [1.5, 1.5]},
								"south": {"uv": [15, 56], "uv_size": [1.5, 1.5]},
								"west": {"uv": [18, 56], "uv_size": [1.5, 1.5]},
								"up": {"uv": [25, 56], "uv_size": [1.5, 1.5]}
							}
						}
					]
				}
			]
		}
	]
}